Latitude,Longitude,Altitude,Date,Time,Seg
33.774607,-84.359679,314.6,2013/08/02,15:46:35,NA
33.774622,-84.359686,315,2013/08/02,15:46:44,1
33.774694,-84.359622,314.9,2013/08/02,15:47:26,1
33.774682,-84.359518,315.1,2013/08/02,15:47:29,1
33.774648,-84.359411,315.1,2013/08/02,15:47:32,1
33.77466,-84.359271,315.2,2013/08/02,15:47:35,1
33.774671,-84.359167,314.9,2013/08/02,15:47:38,1
33.774633,-84.359048,315,2013/08/02,15:47:42,1
33.774638,-84.358944,315.8,2013/08/02,15:47:48,1
33.774641,-84.358844,316.3,2013/08/02,15:47:54,1
33.774738,-84.358849,316.2,2013/08/02,15:47:56,1
33.774836,-84.358856,315.6,2013/08/02,15:47:59,1
33.774923,-84.358861,314.6,2013/08/02,15:48:02,1
33.775031,-84.358846,313.5,2013/08/02,15:48:06,1
33.775116,-84.358821,312.2,2013/08/02,15:48:09,1
33.775192,-84.358786,311,2013/08/02,15:48:13,1
33.77529,-84.358693,309.7,2013/08/02,15:48:22,1
33.775356,-84.358634,308.7,2013/08/02,15:48:25,1
33.77537,-84.358531,307.2,2013/08/02,15:48:27,1
33.775392,-84.358437,305.4,2013/08/02,15:48:29,1
33.775412,-84.358336,303.7,2013/08/02,15:48:32,1
33.775433,-84.358236,302.1,2013/08/02,15:48:34,1
33.775421,-84.358124,300.9,2013/08/02,15:48:36,1
33.775429,-84.357961,300.2,2013/08/02,15:48:38,1
33.775432,-84.357854,299.8,2013/08/02,15:48:40,1
33.775478,-84.357717,299.6,2013/08/02,15:48:42,1
33.775472,-84.357563,299.4,2013/08/02,15:48:44,1
33.775461,-84.357427,299.1,2013/08/02,15:48:46,1
33.775473,-84.357278,298.9,2013/08/02,15:48:48,1
33.775479,-84.357146,298.8,2013/08/02,15:48:50,1
33.775482,-84.357011,298.8,2013/08/02,15:48:52,1
33.775483,-84.35687,299,2013/08/02,15:48:54,1
33.775452,-84.356744,299.3,2013/08/02,15:48:56,1
33.775451,-84.356619,299.6,2013/08/02,15:48:58,1
33.775455,-84.356491,299.8,2013/08/02,15:49:00,1
33.775467,-84.356379,300.2,2013/08/02,15:49:02,1
33.775461,-84.356275,300.6,2013/08/02,15:49:04,1
33.775455,-84.356136,300.6,2013/08/02,15:49:07,1
33.775446,-84.356009,300.7,2013/08/02,15:49:10,1
33.77545,-84.355892,300.5,2013/08/02,15:49:13,1
33.775445,-84.355788,300.1,2013/08/02,15:49:16,1
33.775464,-84.355693,299.7,2013/08/02,15:49:20,1
33.77543,-84.355564,299.1,2013/08/02,15:49:24,1
33.775422,-84.355431,298.6,2013/08/02,15:49:27,1
33.775434,-84.355324,298.1,2013/08/02,15:49:29,1
33.775437,-84.355187,297.5,2013/08/02,15:49:30,1
33.775443,-84.355084,296.8,2013/08/02,15:49:32,1
33.775441,-84.354972,296,2013/08/02,15:49:34,1
33.775455,-84.354863,295.5,2013/08/02,15:49:36,1
33.775458,-84.354752,294.9,2013/08/02,15:49:38,1
33.775462,-84.354635,294.4,2013/08/02,15:49:40,1
33.775458,-84.354513,294.3,2013/08/02,15:49:42,1
33.775457,-84.354377,294.1,2013/08/02,15:49:44,1
33.775453,-84.354255,294.2,2013/08/02,15:49:46,1
33.775444,-84.354153,294.4,2013/08/02,15:49:47,1
33.775448,-84.353985,294.7,2013/08/02,15:49:49,1
33.775439,-84.35382,295,2013/08/02,15:49:51,1
33.775436,-84.353679,295.4,2013/08/02,15:49:53,1
33.775461,-84.353531,295.7,2013/08/02,15:49:55,1
33.775466,-84.35338,296,2013/08/02,15:49:58,1
33.775464,-84.353241,296.2,2013/08/02,15:50:00,1
33.775452,-84.353114,296.5,2013/08/02,15:50:02,1
33.775449,-84.352994,296.7,2013/08/02,15:50:04,1
33.775441,-84.352872,296.9,2013/08/02,15:50:05,1
33.775435,-84.352754,297.1,2013/08/02,15:50:07,1
33.775442,-84.352656,296.9,2013/08/02,15:50:09,1
33.775461,-84.352536,296.6,2013/08/02,15:50:11,1
33.775465,-84.352416,296.4,2013/08/02,15:50:13,1
33.775461,-84.352289,296.1,2013/08/02,15:50:15,1
33.77546,-84.352154,296,2013/08/02,15:50:17,1
33.775448,-84.352029,296.1,2013/08/02,15:50:19,1
33.775446,-84.351903,296.3,2013/08/02,15:50:21,1
33.775466,-84.351776,296,2013/08/02,15:50:23,1
33.775476,-84.351647,295.8,2013/08/02,15:50:25,1
33.775476,-84.351519,295.6,2013/08/02,15:50:27,1
33.775493,-84.351388,295.5,2013/08/02,15:50:29,1
33.775489,-84.351269,295.7,2013/08/02,15:50:31,1
33.775475,-84.351127,296.1,2013/08/02,15:50:33,1
33.775468,-84.350995,296.4,2013/08/02,15:50:35,1
33.775474,-84.350859,296.8,2013/08/02,15:50:37,1
33.775452,-84.350729,297.1,2013/08/02,15:50:39,1
33.775451,-84.350601,297.3,2013/08/02,15:50:41,1
33.775445,-84.350481,297.3,2013/08/02,15:50:44,1
33.775451,-84.350363,297.6,2013/08/02,15:50:46,1
33.77546,-84.350248,298,2013/08/02,15:50:48,1
33.775467,-84.35014,298.2,2013/08/02,15:50:50,1
33.77548,-84.35004,298.3,2013/08/02,15:50:51,1
33.775475,-84.349937,298.3,2013/08/02,15:50:53,1
33.775455,-84.349821,298.4,2013/08/02,15:50:55,1
33.775478,-84.3497,298.2,2013/08/02,15:50:57,1
33.775488,-84.349594,298,2013/08/02,15:50:59,1
33.775484,-84.349487,297.8,2013/08/02,15:51:01,1
33.775487,-84.349381,297.5,2013/08/02,15:51:03,1
33.775498,-84.349256,297.3,2013/08/02,15:51:06,1
33.775489,-84.349159,297.2,2013/08/02,15:51:08,1
33.775477,-84.349025,296.9,2013/08/02,15:51:11,1
33.775444,-84.348915,296.6,2013/08/02,15:51:14,1
33.775494,-84.34903,296.4,2013/08/02,15:51:24,1
33.775483,-84.349132,296,2013/08/02,15:51:27,1
33.775476,-84.349245,295.3,2013/08/02,15:51:30,1
33.775474,-84.349392,295,2013/08/02,15:51:32,1
33.775465,-84.349506,294.6,2013/08/02,15:51:34,1
33.775463,-84.349616,294.1,2013/08/02,15:51:36,1
33.775482,-84.349723,293.8,2013/08/02,15:51:38,1
33.775471,-84.349844,293.3,2013/08/02,15:51:40,1
33.775431,-84.349978,292.7,2013/08/02,15:51:43,1
33.775408,-84.350098,292.5,2013/08/02,15:51:45,1
33.775416,-84.350237,292.2,2013/08/02,15:51:47,1
33.775417,-84.350364,292,2013/08/02,15:51:49,1
33.775408,-84.350514,291.8,2013/08/02,15:51:51,1
33.775411,-84.350647,291.5,2013/08/02,15:51:53,1
33.775395,-84.3508,291.1,2013/08/02,15:51:55,1
33.775391,-84.350941,290.7,2013/08/02,15:51:57,1
33.77544,-84.35109,290.2,2013/08/02,15:51:59,1
33.775454,-84.351235,289.9,2013/08/02,15:52:01,1
33.77544,-84.351376,289.5,2013/08/02,15:52:03,1
33.775442,-84.351495,289.1,2013/08/02,15:52:06,1
33.775449,-84.351619,288.3,2013/08/02,15:52:08,1
33.775452,-84.351744,287.3,2013/08/02,15:52:10,1
33.775466,-84.351907,286.1,2013/08/02,15:52:13,1
33.775457,-84.352021,285.4,2013/08/02,15:52:15,1
33.775432,-84.352135,284.9,2013/08/02,15:52:17,1
33.775462,-84.352228,284.5,2013/08/02,15:52:18,1
33.775487,-84.352344,284,2013/08/02,15:52:22,1
33.775469,-84.352448,283.7,2013/08/02,15:53:54,1
33.775445,-84.352565,283.4,2013/08/02,15:53:57,1
33.775424,-84.352663,283.3,2013/08/02,15:53:59,1
33.775437,-84.352799,283.2,2013/08/02,15:54:01,1
33.77542,-84.352928,283.3,2013/08/02,15:54:03,1
33.775411,-84.353061,283.6,2013/08/02,15:54:05,1
33.775398,-84.353212,284,2013/08/02,15:54:07,1
33.775415,-84.353354,283.8,2013/08/02,15:54:09,1
33.775421,-84.35354,283.7,2013/08/02,15:54:11,1
33.775447,-84.353717,283.5,2013/08/02,15:54:13,1
33.775456,-84.353857,283.1,2013/08/02,15:54:15,1
33.775464,-84.353978,282.6,2013/08/02,15:54:18,1
33.775462,-84.354133,282,2013/08/02,15:54:20,1
33.775461,-84.35425,281.4,2013/08/02,15:54:22,1
33.775461,-84.354367,280.8,2013/08/02,15:54:24,1
33.775453,-84.354488,280.2,2013/08/02,15:54:26,1
33.775451,-84.354588,279.8,2013/08/02,15:54:27,1
33.775456,-84.354697,279.6,2013/08/02,15:54:29,1
33.775461,-84.354802,279.7,2013/08/02,15:54:31,1
33.775455,-84.354903,279.4,2013/08/02,15:54:33,1
33.77545,-84.355027,278.9,2013/08/02,15:54:36,1
33.775447,-84.355157,278.3,2013/08/02,15:54:39,1
33.775451,-84.355282,277.7,2013/08/02,15:54:42,1
33.775439,-84.355394,277.1,2013/08/02,15:54:45,1
33.775474,-84.355491,276.9,2013/08/02,15:54:50,1
33.775578,-84.355527,277,2013/08/02,15:54:53,1
33.77567,-84.355525,277.3,2013/08/02,15:54:57,1
33.77575,-84.355541,277.8,2013/08/02,15:54:59,1
33.775849,-84.355567,278.5,2013/08/02,15:55:02,1
33.775947,-84.355603,279.2,2013/08/02,15:55:05,1
33.776049,-84.355623,280.4,2013/08/02,15:55:08,1
33.776135,-84.355616,281.9,2013/08/02,15:55:10,1
33.776216,-84.355614,283.7,2013/08/02,15:55:11,1
33.776305,-84.355597,285.7,2013/08/02,15:55:13,1
33.776402,-84.355579,288,2013/08/02,15:55:15,1
33.776493,-84.355604,289.9,2013/08/02,15:55:17,1
33.776577,-84.355609,291.1,2013/08/02,15:55:19,1
33.776647,-84.355516,292.3,2013/08/02,15:55:23,1
33.776679,-84.355379,293.4,2013/08/02,15:55:25,1
33.776696,-84.355265,294.3,2013/08/02,15:55:27,1
33.776724,-84.355136,294.9,2013/08/02,15:55:29,1
33.776741,-84.354945,295.4,2013/08/02,15:55:31,1
33.776715,-84.354792,295.8,2013/08/02,15:55:34,1
33.776724,-84.354645,296.3,2013/08/02,15:55:36,1
33.776734,-84.354489,296.7,2013/08/02,15:55:38,1
33.776736,-84.354332,297.1,2013/08/02,15:55:40,1
33.776744,-84.354181,297.7,2013/08/02,15:55:42,1
33.776738,-84.354036,298.7,2013/08/02,15:55:44,1
33.776759,-84.353913,299.5,2013/08/02,15:55:46,1
33.776773,-84.353791,300.2,2013/08/02,15:55:48,1
33.776762,-84.35368,300.8,2013/08/02,15:55:49,1
33.77676,-84.35357,301.6,2013/08/02,15:55:51,1
33.776745,-84.353473,302.2,2013/08/02,15:55:53,1
33.776742,-84.353372,302.6,2013/08/02,15:55:55,1
33.776754,-84.353272,303.1,2013/08/02,15:55:57,1
33.776741,-84.353174,303.8,2013/08/02,15:55:59,1
33.776729,-84.353049,304.2,2013/08/02,15:56:03,1
33.776747,-84.352936,304.3,2013/08/02,15:56:07,1
33.776772,-84.352817,304.6,2013/08/02,15:56:11,1
33.776766,-84.352696,305.2,2013/08/02,15:56:16,1
33.776777,-84.352813,305.4,2013/08/02,15:56:28,1
33.776752,-84.35293,305.6,2013/08/02,15:56:29,1
33.776732,-84.353043,305.7,2013/08/02,15:56:31,1
33.77671,-84.353165,305.9,2013/08/02,15:56:33,1
33.776692,-84.353293,306.2,2013/08/02,15:56:35,1
33.776704,-84.353426,306.4,2013/08/02,15:56:37,1
33.776701,-84.35355,306,2013/08/02,15:56:39,1
33.77671,-84.353717,305.7,2013/08/02,15:56:41,1
33.776689,-84.35391,305.1,2013/08/02,15:56:43,1
33.776684,-84.35403,304.1,2013/08/02,15:56:44,1
33.776682,-84.354196,302.9,2013/08/02,15:56:46,1
33.776676,-84.354378,301.6,2013/08/02,15:56:48,1
33.776687,-84.354566,300.4,2013/08/02,15:56:50,1
33.776688,-84.354745,299.3,2013/08/02,15:56:52,1
33.776708,-84.354899,298.2,2013/08/02,15:56:54,1
33.776719,-84.355052,297.1,2013/08/02,15:56:56,1
33.776712,-84.355189,295.9,2013/08/02,15:56:58,1
33.77669,-84.355305,294.9,2013/08/02,15:57:02,1
33.776746,-84.355395,294,2013/08/02,15:57:05,1
33.776835,-84.355445,293.4,2013/08/02,15:57:07,1
33.77695,-84.355474,293,2013/08/02,15:57:09,1
33.777103,-84.355509,292.5,2013/08/02,15:57:11,1
33.777177,-84.355549,292.3,2013/08/02,15:57:12,1
33.777274,-84.355557,292.3,2013/08/02,15:57:13,1
33.777371,-84.355557,292.2,2013/08/02,15:57:14,1
33.77747,-84.355567,292.1,2013/08/02,15:57:15,1
33.777564,-84.355515,292.2,2013/08/02,15:57:16,1
33.777658,-84.355522,292.4,2013/08/02,15:57:17,1
33.777766,-84.355537,292.3,2013/08/02,15:57:18,1
33.777861,-84.355547,292,2013/08/02,15:57:20,1
33.777952,-84.35555,291.8,2013/08/02,15:57:22,1
33.778046,-84.355561,291.4,2013/08/02,15:57:25,1
33.778127,-84.355592,291,2013/08/02,15:57:28,1
33.778129,-84.355711,290.5,2013/08/02,15:57:33,1
33.778127,-84.35584,289.8,2013/08/02,15:57:36,1
33.778125,-84.355953,289,2013/08/02,15:57:38,1
33.778091,-84.356084,288.1,2013/08/02,15:57:40,1
33.778091,-84.356234,287,2013/08/02,15:57:42,1
33.778066,-84.35641,285.8,2013/08/02,15:57:44,1
33.778086,-84.356509,285,2013/08/02,15:57:45,1
33.778093,-84.356657,284.2,2013/08/02,15:57:47,1
33.778087,-84.356817,283.4,2013/08/02,15:57:49,1
33.778091,-84.356932,282.7,2013/08/02,15:57:50,1
33.778112,-84.357044,282.2,2013/08/02,15:57:51,1
33.778116,-84.357197,281.7,2013/08/02,15:57:53,1
33.778126,-84.357363,280.9,2013/08/02,15:57:55,1
33.778107,-84.357511,279.8,2013/08/02,15:57:57,1
33.778101,-84.357707,278.7,2013/08/02,15:57:59,1
33.778106,-84.357873,278.1,2013/08/02,15:58:01,1
33.778132,-84.358018,277.2,2013/08/02,15:58:03,1
33.778141,-84.358166,276.4,2013/08/02,15:58:05,1
33.778173,-84.358256,275.5,2013/08/02,15:58:07,1
33.778155,-84.358376,274.7,2013/08/02,15:58:51,1
33.778147,-84.358481,274,2013/08/02,15:58:55,1
33.778213,-84.358583,273.4,2013/08/02,15:58:58,1
33.778318,-84.358655,273.1,2013/08/02,15:59:01,1
33.778409,-84.35864,273.6,2013/08/02,15:59:03,1
33.778502,-84.35865,275,2013/08/02,15:59:05,1
33.778603,-84.358655,277,2013/08/02,15:59:07,1
33.778734,-84.35868,278.4,2013/08/02,15:59:10,1
33.778861,-84.358704,280.2,2013/08/02,15:59:13,1
33.778949,-84.358721,281.9,2013/08/02,15:59:15,1
33.779065,-84.358766,284.3,2013/08/02,15:59:18,1
33.779148,-84.35874,286.7,2013/08/02,15:59:20,1
33.779241,-84.358715,289,2013/08/02,15:59:22,1
33.779357,-84.358711,291.2,2013/08/02,15:59:25,1
33.779438,-84.358725,293.1,2013/08/02,15:59:27,1
33.779544,-84.358729,294.6,2013/08/02,15:59:30,1
33.779642,-84.358733,295.7,2013/08/02,15:59:33,1
33.779725,-84.35872,296,2013/08/02,15:59:35,1
33.779813,-84.358743,296.5,2013/08/02,15:59:37,1
33.779915,-84.35873,297,2013/08/02,15:59:40,1
33.780018,-84.358716,297.5,2013/08/02,15:59:43,1
33.780106,-84.358705,297.5,2013/08/02,15:59:45,1
33.780196,-84.358688,297.4,2013/08/02,15:59:47,1
33.780292,-84.358706,296.8,2013/08/02,15:59:49,1
33.780377,-84.358709,296.3,2013/08/02,15:59:51,1
33.780462,-84.358714,295.9,2013/08/02,15:59:53,1
33.780563,-84.358723,295.1,2013/08/02,15:59:57,1
33.780656,-84.358748,294.3,2013/08/02,16:00:00,1
33.780748,-84.358757,293.7,2013/08/02,16:00:03,1
33.780833,-84.358756,293.2,2013/08/02,16:00:06,1
33.780932,-84.358764,292.8,2013/08/02,16:00:09,1
33.781047,-84.358776,292.4,2013/08/02,16:00:12,1
33.781141,-84.358765,292,2013/08/02,16:00:15,1
33.781229,-84.358752,291.8,2013/08/02,16:00:18,1
33.781331,-84.358747,291.7,2013/08/02,16:00:21,1
33.781431,-84.358727,291.4,2013/08/02,16:00:24,1
33.781531,-84.358752,291.5,2013/08/02,16:00:27,1
33.781626,-84.358736,291.7,2013/08/02,16:00:29,1
33.781729,-84.358694,291.6,2013/08/02,16:00:33,1
33.781845,-84.358694,291.1,2013/08/02,16:00:36,1
33.781931,-84.358745,290.2,2013/08/02,16:00:39,1
33.781838,-84.35878,289.4,2013/08/02,16:00:47,1
33.781747,-84.358759,288.6,2013/08/02,16:00:50,1
33.781653,-84.358707,287.6,2013/08/02,16:00:52,1
33.781573,-84.358654,286.7,2013/08/02,16:00:56,1
33.781437,-84.35865,286,2013/08/02,16:00:58,1
33.781347,-84.358652,285.4,2013/08/02,16:01:00,1
33.781264,-84.358642,284.4,2013/08/02,16:01:02,1
33.781187,-84.358676,283.7,2013/08/02,16:01:04,1
33.781088,-84.358692,283.5,2013/08/02,16:01:07,1
33.780993,-84.358686,283.8,2013/08/02,16:01:10,1
33.780988,-84.358553,284.6,2013/08/02,16:01:13,1
33.780993,-84.358452,285.3,2013/08/02,16:01:16,1
33.781021,-84.35833,286,2013/08/02,16:01:20,1
33.781059,-84.358243,287.2,2013/08/02,16:01:23,1
33.78104,-84.3581,288.1,2013/08/02,16:01:26,1
33.781017,-84.357969,289.1,2013/08/02,16:01:29,1
33.781002,-84.357853,290.4,2013/08/02,16:01:31,1
33.78103,-84.357752,291.8,2013/08/02,16:01:33,1
33.78104,-84.357638,293.2,2013/08/02,16:01:35,1
33.781056,-84.357514,294.5,2013/08/02,16:01:37,1
33.781053,-84.357392,295.6,2013/08/02,16:01:39,1
33.781066,-84.357274,296.4,2013/08/02,16:01:41,1
33.781074,-84.357152,297.2,2013/08/02,16:01:43,1
33.781084,-84.357035,297.7,2013/08/02,16:01:45,1
33.781104,-84.356925,298.2,2013/08/02,16:01:47,1
33.781109,-84.356806,298.5,2013/08/02,16:01:49,1
33.781119,-84.356672,298.8,2013/08/02,16:01:51,1
33.781122,-84.356558,298.8,2013/08/02,16:01:53,1
33.781116,-84.356441,298.5,2013/08/02,16:01:55,1
33.781117,-84.356336,297.9,2013/08/02,16:01:57,1
33.781172,-84.356207,297.2,2013/08/02,16:02:00,1
33.781134,-84.356094,296.6,2013/08/02,16:02:06,1
33.7811,-84.35599,295.9,2013/08/02,16:02:09,1
33.781025,-84.355951,295,2013/08/02,16:02:12,1
33.780937,-84.355931,294.3,2013/08/02,16:02:15,1
33.780847,-84.355964,293.6,2013/08/02,16:02:18,1
33.780767,-84.355995,293.1,2013/08/02,16:02:21,1
33.780646,-84.356023,292.2,2013/08/02,16:02:25,1
33.780559,-84.356071,291.2,2013/08/02,16:02:28,1
33.780469,-84.356145,290.3,2013/08/02,16:02:32,1
33.78037,-84.356159,289.4,2013/08/02,16:02:35,1
33.780259,-84.356228,288.7,2013/08/02,16:02:38,1
33.780181,-84.356287,287.7,2013/08/02,16:02:41,1
33.780101,-84.35638,286.8,2013/08/02,16:02:45,1
33.780008,-84.356469,286.1,2013/08/02,16:02:48,1
33.779928,-84.356506,285.1,2013/08/02,16:02:50,1
33.779837,-84.356561,283.8,2013/08/02,16:02:53,1
33.779762,-84.356634,282.4,2013/08/02,16:02:55,1
33.779686,-84.356685,281.3,2013/08/02,16:02:57,1
33.779581,-84.356734,280.2,2013/08/02,16:02:59,1
33.779485,-84.356741,279.3,2013/08/02,16:03:01,1
33.77941,-84.356786,278.5,2013/08/02,16:03:03,1
33.779302,-84.356794,277.4,2013/08/02,16:03:06,1
33.779216,-84.35681,276.6,2013/08/02,16:03:09,1
33.77917,-84.35689,275.7,2013/08/02,16:03:12,1
33.779192,-84.357021,274.8,2013/08/02,16:03:15,1
33.7792,-84.357153,274,2013/08/02,16:03:17,1
33.77919,-84.357269,273.3,2013/08/02,16:03:18,1
33.779168,-84.357407,272.7,2013/08/02,16:03:20,1
33.779167,-84.35758,272,2013/08/02,16:03:22,1
33.779173,-84.357743,271.5,2013/08/02,16:03:24,1
33.779174,-84.35791,270.8,2013/08/02,16:03:26,1
33.779186,-84.358064,270.3,2013/08/02,16:03:28,1
33.779185,-84.358198,269.8,2013/08/02,16:03:30,1
33.779175,-84.358319,269.3,2013/08/02,16:03:33,1
33.779165,-84.35842,268.6,2013/08/02,16:03:35,1
33.779166,-84.358528,268,2013/08/02,16:03:38,1
33.779073,-84.358576,267.4,2013/08/02,16:03:48,1
33.778971,-84.358597,266.8,2013/08/02,16:03:51,1
33.77889,-84.35861,266.2,2013/08/02,16:03:52,1
33.778789,-84.358612,265.6,2013/08/02,16:03:54,1
33.778673,-84.358607,265,2013/08/02,16:03:56,1
33.778556,-84.358607,264.5,2013/08/02,16:03:58,1
33.778428,-84.358627,264,2013/08/02,16:04:00,1
33.778307,-84.358624,263.7,2013/08/02,16:04:02,1
33.778171,-84.358627,263.5,2013/08/02,16:04:04,1
33.778028,-84.358628,263.5,2013/08/02,16:04:06,1
33.777868,-84.35864,263.2,2013/08/02,16:04:08,1
33.777738,-84.358642,263,2013/08/02,16:04:10,1
33.777621,-84.358654,263.1,2013/08/02,16:04:13,1
33.777537,-84.358654,263.6,2013/08/02,16:04:15,1
33.777445,-84.35868,264.6,2013/08/02,16:04:17,1
33.777344,-84.358678,265.9,2013/08/02,16:04:21,1
33.777251,-84.358651,267.3,2013/08/02,16:04:23,1
33.777158,-84.358652,268.2,2013/08/02,16:04:26,1
33.777031,-84.358656,268.9,2013/08/02,16:04:29,1
33.776933,-84.358704,269.5,2013/08/02,16:04:32,1
33.776822,-84.358674,270.2,2013/08/02,16:04:36,1
33.776725,-84.358644,271.5,2013/08/02,16:04:39,1
33.776638,-84.358656,272.7,2013/08/02,16:04:41,1
33.776549,-84.35864,273.9,2013/08/02,16:04:43,1
33.776456,-84.358629,274.8,2013/08/02,16:04:46,1
33.776371,-84.358682,275.9,2013/08/02,16:04:51,1
33.776287,-84.358699,277.2,2013/08/02,16:04:54,1
33.776189,-84.358693,278.9,2013/08/02,16:05:00,1
33.776086,-84.358691,280.8,2013/08/02,16:05:05,1
33.775991,-84.358671,282.9,2013/08/02,16:05:09,1
33.775882,-84.358656,285.2,2013/08/02,16:05:14,1
33.775788,-84.358674,286.9,2013/08/02,16:05:22,1
33.775677,-84.358671,288.4,2013/08/02,16:05:27,1
33.775591,-84.35864,290.2,2013/08/02,16:05:30,1
33.775494,-84.358688,292,2013/08/02,16:05:40,1
33.775403,-84.358666,293.4,2013/08/02,16:05:42,1
33.775313,-84.358643,294.2,2013/08/02,16:05:45,1
33.775216,-84.358662,294.5,2013/08/02,16:05:49,1
33.775112,-84.358669,294.3,2013/08/02,16:05:51,1
33.775024,-84.358666,294.2,2013/08/02,16:05:54,1
33.774903,-84.358634,293.8,2013/08/02,16:05:57,1
33.774804,-84.358632,293.3,2013/08/02,16:05:59,1
33.774714,-84.358634,292.9,2013/08/02,16:06:01,1
33.774629,-84.35863,292.3,2013/08/02,16:06:03,1
33.774527,-84.358636,291.2,2013/08/02,16:06:06,1
33.774417,-84.358654,289.7,2013/08/02,16:06:09,1
33.774307,-84.358676,288.2,2013/08/02,16:06:12,1
33.774204,-84.358671,286.9,2013/08/02,16:06:14,1
33.774108,-84.358678,285.7,2013/08/02,16:06:17,1
33.774003,-84.358687,284.7,2013/08/02,16:06:21,1
33.7739,-84.358703,283.8,2013/08/02,16:07:45,1
33.773804,-84.358634,283,2013/08/02,16:07:48,1
33.773743,-84.358518,282.5,2013/08/02,16:07:51,1
33.773721,-84.358378,282.2,2013/08/02,16:07:54,1
33.77371,-84.35827,282,2013/08/02,16:07:56,1
33.773697,-84.358131,281.8,2013/08/02,16:07:59,1
33.773698,-84.358011,282,2013/08/02,16:08:02,1
33.773719,-84.35789,282,2013/08/02,16:08:05,1
33.773699,-84.357795,282.3,2013/08/02,16:08:08,1
33.773617,-84.357748,282.5,2013/08/02,16:08:12,1
33.773529,-84.357742,282.6,2013/08/02,16:08:16,1
33.773431,-84.357716,282.5,2013/08/02,16:08:19,1
33.773372,-84.357796,282.4,2013/08/02,16:08:27,1
33.751346,-84.366496,310.8,NA,NA,NA
33.748945,-84.36772,311,NA,NA,1
33.748931,-84.367611,311.1,NA,NA,1
33.748853,-84.367567,311.2,NA,NA,1
33.748792,-84.367494,311.1,NA,NA,1
33.74886,-84.367416,311,NA,NA,1
33.74887,-84.367319,310.8,NA,NA,1
33.748855,-84.367185,310.6,NA,NA,1
33.748861,-84.367058,310.5,NA,NA,1
33.748866,-84.366948,310.3,NA,NA,1
33.748848,-84.366852,310.7,NA,NA,1
33.748888,-84.366753,310.5,NA,NA,1
33.748983,-84.366733,310.4,NA,NA,1
33.749064,-84.366734,310.2,NA,NA,1
33.74915,-84.366728,310.3,NA,NA,1
33.749232,-84.366714,310.5,NA,NA,1
33.749314,-84.366704,310.8,NA,NA,1
33.749413,-84.366724,311.1,NA,NA,1
33.749519,-84.366724,311.4,NA,NA,1
33.749638,-84.366719,311.6,NA,NA,1
33.749752,-84.366721,311.9,NA,NA,1
33.749862,-84.366724,312.2,NA,NA,1
33.749954,-84.366724,312.5,NA,NA,1
33.750043,-84.366721,312.7,NA,NA,1
33.750156,-84.366694,313,NA,NA,1
33.750243,-84.366705,313,NA,NA,1
33.750372,-84.366651,313,NA,NA,1
33.750455,-84.366675,313,NA,NA,1
33.750548,-84.366689,313,NA,NA,1
33.750636,-84.366712,313,NA,NA,1
33.750756,-84.366744,313,NA,NA,1
33.750856,-84.366746,312.9,NA,NA,1
33.750962,-84.366736,312.8,NA,NA,1
33.751064,-84.366706,312.7,NA,NA,1
33.751156,-84.366704,312.6,NA,NA,1
33.751207,-84.366621,312.5,NA,NA,1
33.751281,-84.366544,312.6,NA,NA,1
33.751376,-84.366483,312.7,NA,NA,1
33.751465,-84.366428,312.8,NA,NA,1
33.751498,-84.3663,312.9,NA,NA,1
33.751521,-84.366193,313,NA,NA,1
33.751548,-84.366083,313.1,NA,NA,1
33.75157,-84.365964,313,NA,NA,1
33.751601,-84.365832,312.9,NA,NA,1
33.75163,-84.365702,312.8,NA,NA,1
33.75167,-84.365548,312.7,NA,NA,1
33.751699,-84.365381,312.6,NA,NA,1
33.75173,-84.365206,312.4,NA,NA,1
33.751764,-84.365042,312.1,NA,NA,1
33.751803,-84.364879,311.8,NA,NA,1
33.751835,-84.364735,311.5,NA,NA,1
33.751872,-84.364587,311.3,NA,NA,1
33.751907,-84.364461,311,NA,NA,1
33.751935,-84.364339,311,NA,NA,1
33.751968,-84.364227,311.3,NA,NA,1
33.751999,-84.364119,311.5,NA,NA,1
33.752045,-84.363978,311.8,NA,NA,1
33.752078,-84.363871,312.1,NA,NA,1
33.752088,-84.363765,312.4,NA,NA,1
33.752121,-84.363636,312.6,NA,NA,1
33.752145,-84.363517,312.9,NA,NA,1
33.752194,-84.363396,313.3,NA,NA,1
33.752226,-84.363275,313.6,NA,NA,1
33.752245,-84.363173,314,NA,NA,1
33.752278,-84.363041,314.4,NA,NA,1
33.752322,-84.362906,314.5,NA,NA,1
33.752378,-84.362791,314.5,NA,NA,1
33.752397,-84.362675,314.6,NA,NA,1
33.752417,-84.362569,314.9,NA,NA,1
33.752444,-84.36244,315.2,NA,NA,1
33.752464,-84.362334,315.5,NA,NA,1
33.752468,-84.36223,315.7,NA,NA,1
33.752504,-84.362132,315.9,NA,NA,1
33.752528,-84.362019,316.1,NA,NA,1
33.752523,-84.361903,316.3,NA,NA,1
33.752535,-84.361785,316.5,NA,NA,1
33.752589,-84.361694,316.7,NA,NA,1
33.752611,-84.361567,317,NA,NA,1
33.752649,-84.361448,317.3,NA,NA,1
33.752655,-84.361333,317.4,NA,NA,1
33.752665,-84.361198,317.5,NA,NA,1
33.752656,-84.361063,317.5,NA,NA,1
33.752656,-84.36094,317.6,NA,NA,1
33.75263,-84.360807,317.7,NA,NA,1
33.752626,-84.360661,317.8,NA,NA,1
33.75262,-84.36056,317.9,NA,NA,1
33.75262,-84.360455,318,NA,NA,1
33.752614,-84.360348,318,NA,NA,1
33.752598,-84.360241,318,NA,NA,1
33.7526,-84.360137,318,NA,NA,1
33.752602,-84.360026,317.9,NA,NA,1
33.752591,-84.35991,317.8,NA,NA,1
33.752591,-84.359785,317.7,NA,NA,1
33.752589,-84.359666,317.6,NA,NA,1
33.752594,-84.359543,317.5,NA,NA,1
33.752599,-84.3594,317.4,NA,NA,1
33.752604,-84.359258,317.2,NA,NA,1
33.752608,-84.359108,317,NA,NA,1
33.752599,-84.358945,316.8,NA,NA,1
33.75259,-84.358783,316.6,NA,NA,1
33.752588,-84.358606,316.4,NA,NA,1
33.752575,-84.358444,316.2,NA,NA,1
33.752565,-84.358281,316,NA,NA,1
33.752561,-84.358117,315.8,NA,NA,1
33.752554,-84.357961,315.6,NA,NA,1
33.752549,-84.357797,315.3,NA,NA,1
33.752542,-84.357631,315,NA,NA,1
33.752535,-84.35747,314.7,NA,NA,1
33.752532,-84.357303,314.5,NA,NA,1
33.752532,-84.357144,314.2,NA,NA,1
33.752523,-84.356994,313.8,NA,NA,1
33.752529,-84.356831,313.5,NA,NA,1
33.752534,-84.35667,313.3,NA,NA,1
33.752529,-84.356503,313,NA,NA,1
33.752525,-84.356334,312.7,NA,NA,1
33.752532,-84.356163,312.5,NA,NA,1
33.752533,-84.355987,312.3,NA,NA,1
33.752533,-84.355885,312.1,NA,NA,1
33.752524,-84.355784,311.9,NA,NA,1
33.752522,-84.355606,311.7,NA,NA,1
33.752516,-84.355508,311.5,NA,NA,1
33.752496,-84.355323,311.5,NA,NA,1
33.752483,-84.355226,311.3,NA,NA,1
33.752507,-84.355053,311.1,NA,NA,1
33.752505,-84.354939,310.9,NA,NA,1
33.752506,-84.354741,310.7,NA,NA,1
33.752513,-84.354555,310.5,NA,NA,1
33.752503,-84.354441,310.5,NA,NA,1
33.752502,-84.354267,309.9,NA,NA,1
33.752496,-84.3541,309.4,NA,NA,1
33.752485,-84.353957,308.8,NA,NA,1
33.752456,-84.353843,308.3,NA,NA,1
33.75246,-84.353745,307.7,NA,NA,1
33.752465,-84.353643,307.3,NA,NA,1
33.752472,-84.35349,306.8,NA,NA,1
33.75246,-84.353358,306.4,NA,NA,1
33.75248,-84.353216,305.9,NA,NA,1
33.752488,-84.35307,305.5,NA,NA,1
33.752468,-84.352975,305,NA,NA,1
33.752419,-84.353088,305,NA,NA,1
33.752414,-84.353229,305,NA,NA,1
33.752335,-84.353319,305.5,NA,NA,1
33.752349,-84.35345,305.9,NA,NA,1
33.752371,-84.353571,306.4,NA,NA,1
33.752459,-84.353708,306.8,NA,NA,1
33.752552,-84.353715,307,NA,NA,1
33.752655,-84.353743,307.2,NA,NA,1
33.752767,-84.353765,307.5,NA,NA,1
33.752854,-84.353765,307.7,NA,NA,1
33.752956,-84.353781,308,NA,NA,1
33.753041,-84.353797,308.3,NA,NA,1
33.753151,-84.353829,308.5,NA,NA,1
33.75323,-84.353685,308.4,NA,NA,1
33.753284,-84.353613,308.2,NA,NA,1
33.753337,-84.353506,308,NA,NA,1
33.75338,-84.353399,307.8,NA,NA,1
33.753427,-84.353319,307.9,NA,NA,1
33.753478,-84.353195,308,NA,NA,1
33.753538,-84.353095,308,NA,NA,1
33.75361,-84.352984,308.3,NA,NA,1
33.753663,-84.352873,308.5,NA,NA,1
33.753719,-84.352751,308.5,NA,NA,1
33.753751,-84.352623,308.5,NA,NA,1
33.753767,-84.352483,308.1,NA,NA,1
33.753803,-84.352351,307.6,NA,NA,1
33.753813,-84.352195,307.6,NA,NA,1
33.753803,-84.352062,307.6,NA,NA,1
33.753806,-84.351954,307.6,NA,NA,1
33.753784,-84.351847,307.6,NA,NA,1
33.753784,-84.351745,307.6,NA,NA,1
33.753853,-84.351665,307.4,NA,NA,1
33.75395,-84.351652,307.1,NA,NA,1
33.754033,-84.351638,307.1,NA,NA,1
33.754124,-84.351671,307.1,NA,NA,1
33.754202,-84.351711,307.5,NA,NA,1
33.75426,-84.351795,307.8,NA,NA,1
33.754351,-84.351836,308.1,NA,NA,1
33.754428,-84.351869,308.4,NA,NA,1
33.754532,-84.351937,308.6,NA,NA,1
33.754621,-84.35196,308.9,NA,NA,1
33.75476,-84.35202,309.2,NA,NA,1
33.754865,-84.352116,309.5,NA,NA,1
33.754963,-84.352184,309.7,NA,NA,1
33.755067,-84.352238,309.9,NA,NA,1
33.755136,-84.352337,310.1,NA,NA,1
33.755213,-84.352377,310.3,NA,NA,1
33.755316,-84.352411,310.6,NA,NA,1
33.755388,-84.352467,310.5,NA,NA,1
33.755467,-84.352531,310.5,NA,NA,1
33.75556,-84.352558,310.4,NA,NA,1
33.75563,-84.352611,310.3,NA,NA,1
33.755714,-84.352644,310.2,NA,NA,1
33.755782,-84.352585,310.1,NA,NA,1
33.755841,-84.352495,310,NA,NA,1
33.755901,-84.352423,310,NA,NA,1
33.755996,-84.352446,310,NA,NA,1
33.756074,-84.352499,310.3,NA,NA,1
33.756169,-84.352531,310.5,NA,NA,1
33.756139,-84.352625,311.1,NA,NA,1
33.756141,-84.352774,311.4,NA,NA,1
33.756125,-84.352875,311.9,NA,NA,1
33.756183,-84.352972,312.5,NA,NA,1
33.756239,-84.35307,313,NA,NA,1
33.756286,-84.353158,313.5,NA,NA,1
33.756254,-84.353253,314.1,NA,NA,1
33.756337,-84.353231,314.6,NA,NA,1
33.756458,-84.353082,315.2,NA,NA,1
33.756546,-84.353072,315.5,NA,NA,1
33.75666,-84.353121,315.7,NA,NA,1
33.756728,-84.353186,315.7,NA,NA,1
33.756764,-84.353051,316.3,NA,NA,1
33.756855,-84.353064,316.5,NA,NA,1
33.756946,-84.353014,316.8,NA,NA,1
33.757021,-84.352905,317.1,NA,NA,1
33.757059,-84.352791,317.3,NA,NA,1
33.757135,-84.352757,317.5,NA,NA,1
33.75722,-84.352708,317.6,NA,NA,1
33.757293,-84.352765,317.8,NA,NA,1
33.757375,-84.352838,318,NA,NA,1
33.757387,-84.352945,318.2,NA,NA,1
33.757493,-84.352929,318.4,NA,NA,1
33.757575,-84.352976,318.3,NA,NA,1
33.757658,-84.353034,318.2,NA,NA,1
33.75768,-84.353144,318.1,NA,NA,1
33.75772,-84.353249,318,NA,NA,1
33.75778,-84.353315,318,NA,NA,1
33.757716,-84.353393,318,NA,NA,1
33.757757,-84.35348,318,NA,NA,1
33.757828,-84.353426,318,NA,NA,1
33.757909,-84.353309,318,NA,NA,1
33.757966,-84.353178,318,NA,NA,1
33.757995,-84.353072,318,NA,NA,1
33.758059,-84.35297,318,NA,NA,1
33.758101,-84.353084,318,NA,NA,1
33.758182,-84.353163,318,NA,NA,1
33.758256,-84.353211,318,NA,NA,1
33.758339,-84.353243,318,NA,NA,1
33.758439,-84.353273,318.1,NA,NA,1
33.75852,-84.353303,318.2,NA,NA,1
33.758622,-84.353345,318.3,NA,NA,1
33.758703,-84.353374,318.4,NA,NA,1
33.758781,-84.353414,318.2,NA,NA,1
33.758857,-84.353486,318,NA,NA,1
33.758972,-84.353498,317.8,NA,NA,1
33.759056,-84.353567,317.6,NA,NA,1
33.759117,-84.353651,317.5,NA,NA,1
33.759151,-84.353758,317.3,NA,NA,1
33.75919,-84.353872,317.1,NA,NA,1
33.759227,-84.353998,316.8,NA,NA,1
33.759301,-84.354049,316.5,NA,NA,1
33.759388,-84.354117,316.3,NA,NA,1
33.759464,-84.35419,316,NA,NA,1
33.759549,-84.354177,316,NA,NA,1
33.759658,-84.354212,316,NA,NA,1
33.759748,-84.354225,316,NA,NA,1
33.759834,-84.354263,316,NA,NA,1
33.7599,-84.354328,315.4,NA,NA,1
33.75998,-84.35436,314.7,NA,NA,1
33.760029,-84.354446,314.1,NA,NA,1
33.76011,-84.354487,313.5,NA,NA,1
33.760192,-84.354524,313,NA,NA,1
33.760243,-84.3546,312.5,NA,NA,1
33.760302,-84.354684,312.1,NA,NA,1
33.760351,-84.354764,311.6,NA,NA,1
33.76043,-84.354871,311.2,NA,NA,1
33.760514,-84.354938,310.7,NA,NA,1
33.760621,-84.354928,310.3,NA,NA,1
33.76075,-84.354862,310.5,NA,NA,1
33.760838,-84.354808,310.5,NA,NA,1
33.760899,-84.354741,310.5,NA,NA,1
33.760986,-84.354685,310.5,NA,NA,1
33.761081,-84.354615,310.3,NA,NA,1
33.761166,-84.354542,310.1,NA,NA,1
33.761266,-84.354461,309.9,NA,NA,1
33.76135,-84.354374,309.7,NA,NA,1
33.76145,-84.354276,309.5,NA,NA,1
33.761569,-84.354173,309.6,NA,NA,1
33.761656,-84.354058,309.7,NA,NA,1
33.761736,-84.353949,309.2,NA,NA,1
33.761816,-84.353843,308.8,NA,NA,1
33.761894,-84.353743,308.5,NA,NA,1
33.761983,-84.353644,308.1,NA,NA,1
33.76205,-84.353544,307.7,NA,NA,1
33.762127,-84.353459,307.4,NA,NA,1
33.762195,-84.353355,307,NA,NA,1
33.762257,-84.353252,306.6,NA,NA,1
33.762315,-84.353164,306.3,NA,NA,1
33.762367,-84.353078,305.6,NA,NA,1
33.762405,-84.352988,305,NA,NA,1
33.762477,-84.352906,305,NA,NA,1
33.762575,-84.352793,305,NA,NA,1
33.762656,-84.352697,305.2,NA,NA,1
33.762723,-84.352621,305.4,NA,NA,1
33.7628,-84.352555,305.5,NA,NA,1
33.762836,-84.352466,305.7,NA,NA,1
33.762934,-84.352408,305.8,NA,NA,1
33.763027,-84.352335,305.9,NA,NA,1
33.763112,-84.352265,306,NA,NA,1
33.763156,-84.352166,306.1,NA,NA,1
33.76321,-84.352093,306.2,NA,NA,1
33.763291,-84.352057,306.3,NA,NA,1
33.763358,-84.351952,306.4,NA,NA,1
33.763428,-84.351887,306.3,NA,NA,1
33.763499,-84.351775,306.6,NA,NA,1
33.763562,-84.351682,307,NA,NA,1
33.763625,-84.351617,307.4,NA,NA,1
33.76369,-84.351537,307.6,NA,NA,1
33.763766,-84.351449,307.9,NA,NA,1
33.763825,-84.351348,308.2,NA,NA,1
33.763894,-84.351272,308.5,NA,NA,1
33.763957,-84.351167,308.7,NA,NA,1
33.764024,-84.351066,309,NA,NA,1
33.764107,-84.350977,309.3,NA,NA,1
33.764188,-84.350885,309.5,NA,NA,1
33.764254,-84.350809,309.4,NA,NA,1
33.76428,-84.350716,309.8,NA,NA,1
33.76436,-84.350635,310,NA,NA,1
33.764443,-84.350585,310.4,NA,NA,1
33.764519,-84.350543,310.7,NA,NA,1
33.764571,-84.350447,311.1,NA,NA,1
33.764634,-84.350344,311.5,NA,NA,1
33.764675,-84.350257,311.8,NA,NA,1
33.764764,-84.350173,312.2,NA,NA,1
33.764828,-84.35009,312.5,NA,NA,1
33.764895,-84.349977,313.2,NA,NA,1
33.76495,-84.349902,313.8,NA,NA,1
33.764931,-84.349784,313.8,NA,NA,1
33.764942,-84.349661,314.1,NA,NA,1
33.764953,-84.349559,314.4,NA,NA,1
33.764957,-84.349437,314.6,NA,NA,1
33.764953,-84.349294,314.9,NA,NA,1
33.76495,-84.349138,315.6,NA,NA,1
33.764947,-84.349037,316.4,NA,NA,1
33.764944,-84.348934,317.1,NA,NA,1
33.764943,-84.348828,317.8,NA,NA,1
33.764946,-84.348689,318.3,NA,NA,1
33.764947,-84.348557,318.7,NA,NA,1
33.764963,-84.348442,319.2,NA,NA,1
33.764959,-84.348334,319.9,NA,NA,1
33.764965,-84.348205,320.6,NA,NA,1
33.764987,-84.348089,321.4,NA,NA,1
33.765017,-84.347955,322.1,NA,NA,1
33.765028,-84.347829,322.4,NA,NA,1
33.76501,-84.347705,322.6,NA,NA,1
33.765022,-84.347601,322.9,NA,NA,1
33.765003,-84.347477,323.1,NA,NA,1
33.764974,-84.347356,323.3,NA,NA,1
33.764972,-84.347256,323.5,NA,NA,1
33.764983,-84.347145,323.6,NA,NA,1
33.765001,-84.347019,323.5,NA,NA,1
33.764998,-84.346911,323.5,NA,NA,1
33.76499,-84.346807,322.9,NA,NA,1
33.764979,-84.34664,322.4,NA,NA,1
33.76497,-84.346506,321.8,NA,NA,1
33.764969,-84.346362,321.3,NA,NA,1
33.764981,-84.346203,320.6,NA,NA,1
33.764987,-84.346038,320.1,NA,NA,1
33.764986,-84.345866,319.5,NA,NA,1
33.764982,-84.345684,319,NA,NA,1
33.764979,-84.345511,318.5,NA,NA,1
33.764961,-84.345338,317.9,NA,NA,1
33.764963,-84.345146,316.9,NA,NA,1
33.764983,-84.344952,316.4,NA,NA,1
33.76498,-84.344746,315.8,NA,NA,1
33.764969,-84.344645,315.3,NA,NA,1
33.764962,-84.344539,314.7,NA,NA,1
33.764966,-84.344424,314.3,NA,NA,1
33.764964,-84.344305,313.8,NA,NA,1
33.764966,-84.344195,312.6,NA,NA,1
33.764954,-84.344083,311.5,NA,NA,1
33.764958,-84.343955,310.3,NA,NA,1
33.764957,-84.343838,309.1,NA,NA,1
33.764953,-84.343719,308.4,NA,NA,1
33.76495,-84.343595,307.6,NA,NA,1
33.764922,-84.343479,306.9,NA,NA,1
33.764929,-84.343341,306.2,NA,NA,1
33.764923,-84.343218,305.5,NA,NA,1
33.764919,-84.343103,304.7,NA,NA,1
33.764922,-84.342984,304,NA,NA,1
33.764911,-84.342887,304,NA,NA,1
33.764905,-84.342784,304,NA,NA,1
33.764898,-84.342676,304.6,NA,NA,1
33.76488,-84.3425,305.3,NA,NA,1
33.764875,-84.342355,305.9,NA,NA,1
33.764876,-84.342234,306.5,NA,NA,1
33.764859,-84.342122,307.2,NA,NA,1
33.764864,-84.342011,307.8,NA,NA,1
33.76487,-84.341911,308.5,NA,NA,1
33.764865,-84.341799,309.1,NA,NA,1
33.764859,-84.34167,309.7,NA,NA,1
33.764874,-84.341548,310.8,NA,NA,1
33.764844,-84.341415,311.9,NA,NA,1
33.764901,-84.341316,312.4,NA,NA,1
33.764921,-84.341219,312.8,NA,NA,1
33.764883,-84.341119,313.3,NA,NA,1
33.764899,-84.341013,313.7,NA,NA,1
33.76496,-84.340931,314.2,NA,NA,1
33.764921,-84.340816,314.9,NA,NA,1
33.764857,-84.340714,315.6,NA,NA,1
33.764838,-84.340618,316.4,NA,NA,1
33.764843,-84.340509,317.1,NA,NA,1
33.764806,-84.340387,317.4,NA,NA,1
33.76483,-84.340271,317.6,NA,NA,1
33.764779,-84.340179,317.9,NA,NA,1
33.764844,-84.340107,318.1,NA,NA,1
33.764848,-84.34001,318.3,NA,NA,1
33.764841,-84.339886,318.5,NA,NA,1
33.764844,-84.339722,318.6,NA,NA,1
33.764847,-84.339574,318.5,NA,NA,1
33.764868,-84.339428,318.5,NA,NA,1
33.764884,-84.339269,318.1,NA,NA,1
33.764868,-84.339107,317.7,NA,NA,1
33.764852,-84.33896,317.4,NA,NA,1
33.764824,-84.338813,317,NA,NA,1
33.764818,-84.338664,316.6,NA,NA,1
33.764812,-84.338517,316.2,NA,NA,1
33.764808,-84.33836,315.7,NA,NA,1
33.764801,-84.338197,315.3,NA,NA,1
33.7648,-84.338021,314.8,NA,NA,1
33.764811,-84.337864,314.4,NA,NA,1
33.764807,-84.337698,313.7,NA,NA,1
33.764806,-84.337563,313.4,NA,NA,1
33.764793,-84.337409,313,NA,NA,1
33.764795,-84.337253,312.6,NA,NA,1
33.764795,-84.337089,312.3,NA,NA,1
33.764809,-84.336928,311.9,NA,NA,1
33.764809,-84.336778,311.7,NA,NA,1
33.76482,-84.336614,311.5,NA,NA,1
33.764823,-84.336483,311.4,NA,NA,1
33.764813,-84.336327,311.2,NA,NA,1
33.764786,-84.336171,311,NA,NA,1
33.764786,-84.336071,310.9,NA,NA,1
33.764799,-84.335915,310.8,NA,NA,1
33.764801,-84.335774,310.7,NA,NA,1
33.764794,-84.335608,310.6,NA,NA,1
33.764801,-84.335458,310.5,NA,NA,1
33.764809,-84.335359,310.5,NA,NA,1
33.764807,-84.335187,310,NA,NA,1
33.764805,-84.335043,309.5,NA,NA,1
33.764818,-84.334897,309.1,NA,NA,1
33.764831,-84.334734,308.6,NA,NA,1
33.764817,-84.334576,308.2,NA,NA,1
33.764831,-84.334426,307.8,NA,NA,1
33.764847,-84.334294,307.5,NA,NA,1
33.764843,-84.33415,307.1,NA,NA,1
33.764857,-84.334043,306.8,NA,NA,1
33.764874,-84.333916,306.4,NA,NA,1
33.764871,-84.333812,306,NA,NA,1
33.764941,-84.333865,306,NA,NA,1
33.764941,-84.333865,306,NA,NA,1
